{"file_hashes":[{"block_hashes":["OHxxnHaPjLAEB/2L5owd1BarTAvMRUNl1qiZ0SibFp4="],"block_size":4096,"path":"LICENSE"},{"block_hashes":["5T3xBK6LwygJJwyWCLUzeNkh7GJ/tAd/L9Huy5L2AQ8="],"block_size":4096,"path":"background/html/background.html"},{"block_hashes":["pFJLCAoXaThsWYwuKqDTeqOhnciecfdXbsOnezeuv3g="],"block_size":4096,"path":"background/js/background.js"},{"block_hashes":["uTEY6cM2g+/bzKPDOlUYbAq4tlxrD+aDGV5L8gwSHVc="],"block_size":4096,"path":"background/js/background_messages.js"},{"block_hashes":["GN0I5AOtOaSl17huCNlwt4PmUIWErIATDkb0YQ6rJ1o="],"block_size":4096,"path":"background/js/hideseen.js"},{"block_hashes":["vDSk7Ck1I0krqp9WCMvjyqR1zS6h+Xnjf5Fq8HY4hVM="],"block_size":4096,"path":"content_new/aafrao/css/content.css"},{"block_hashes":["xE1thhFHvBY4q/CKMBfj4huz5WxHPbKXwAJSUSmzf3c="],"block_size":4096,"path":"content_new/aafrao/css/frame.css"},{"block_hashes":["mjktiTZWedfw6ZLE5+p2hd6buVyOYlGcrP/tY2HN+Ws="],"block_size":4096,"path":"content_new/aafrao/html/frame.html"},{"block_hashes":["XlrVpfqTGI7NicGAcv1dbQkKsxqTsbdfw1qI9SSO85o="],"block_size":4096,"path":"content_new/aafrao/js/content.js"},{"block_hashes":["ugTw3V58FtKWfZeAQGP9+h175YSPz/5pl+d/4kCSakI="],"block_size":4096,"path":"content_new/aafrao/js/frame.js"},{"block_hashes":["OYhN7yhUkXyFdUyZnGNAfSZQceCk7aItn3CZFzE9Avo="],"block_size":4096,"path":"content_new/aafrao/js/var.js"},{"block_hashes":["dYHEdFhEf3e6QmvtO6+prZ0zYQeC5cb3m3GDhM1EF38="],"block_size":4096,"path":"content_new/caafb/css/content.css"},{"block_hashes":["xE1thhFHvBY4q/CKMBfj4huz5WxHPbKXwAJSUSmzf3c="],"block_size":4096,"path":"content_new/caafb/css/frame.css"},{"block_hashes":["kf8Klxv+INJ/E1NiFQR92EQDugIY4K4FWNQny3+csVg="],"block_size":4096,"path":"content_new/caafb/html/frame.html"},{"block_hashes":["WQQJ9X4Z188Q1yQrfWXl0H5ofq9/S/UsaPAtd5IvyMo=","aPbWQppzBv1M5WWcSzOHFjz52OPYLrWt7EIo8MS6cYo="],"block_size":4096,"path":"content_new/caafb/js/content.js"},{"block_hashes":["4k0A//Y/I6oMtfgoxo3zlEPwjeywNmajG2cpbrBZ3aA="],"block_size":4096,"path":"content_new/caafb/js/frame.js"},{"block_hashes":["wykrRkCYp/ra1s0jW3DoIcrhZGU/FTTslMWylyLn58U="],"block_size":4096,"path":"content_new/caafb/js/var.js"},{"block_hashes":["mO9t2l9nlya1+rOOuP5/qaw5A+HpT10Ie4L/6IPspFk="],"block_size":4096,"path":"content_new/caga/css/content.css"},{"block_hashes":["xE1thhFHvBY4q/CKMBfj4huz5WxHPbKXwAJSUSmzf3c="],"block_size":4096,"path":"content_new/caga/css/frame.css"},{"block_hashes":["bRDesm7wglH7I2rBirLhhOJj92JfTwXomOIUEi2TepU="],"block_size":4096,"path":"content_new/caga/html/frame.html"},{"block_hashes":["k5otTuSSnZjajwf5zMX40DJVnYNOcZdDQEj/ISIbyLY=","IX3K74Mdeifznw4faC7clLSad89pyVXFpRpDEB+CPLQ="],"block_size":4096,"path":"content_new/caga/js/content.js"},{"block_hashes":["rNCw5QzMxlxzavsig/59n9SAU2Ag/7n0vG2hm7OwKDw="],"block_size":4096,"path":"content_new/caga/js/frame.js"},{"block_hashes":["dB6jH2iK+i5V2vD6lZFmM4IbjdYu/eG4EKf3MFWVR9Y="],"block_size":4096,"path":"content_new/caga/js/var.js"},{"block_hashes":["CnIRDXT6uaAbrLD0vcviKdFCN86HwHhHMEeCW0SUnKQ="],"block_size":4096,"path":"content_new/cajb/css/content.css"},{"block_hashes":["xE1thhFHvBY4q/CKMBfj4huz5WxHPbKXwAJSUSmzf3c="],"block_size":4096,"path":"content_new/cajb/css/frame.css"},{"block_hashes":["HOP/Wj6ULZioHdsA100qeJaEkkwZgQ5C69P0DtJXyRk="],"block_size":4096,"path":"content_new/cajb/html/frame.html"},{"block_hashes":["cQ0WVGOcmqOwVoDxrqt/Pi1Zbw5+ocwtBrtItqGHIR0=","VQEewBa45Z6dBJuCyoBAJuSdk/zSx8BxefzcshTrLHE="],"block_size":4096,"path":"content_new/cajb/js/content.js"},{"block_hashes":["4k0A//Y/I6oMtfgoxo3zlEPwjeywNmajG2cpbrBZ3aA="],"block_size":4096,"path":"content_new/cajb/js/frame.js"},{"block_hashes":["/8qG6Z3ZRYksPPGG+XbFrUGu3Zs0LBW6n+I5EA7+CuA="],"block_size":4096,"path":"content_new/cajb/js/var.js"},{"block_hashes":["rQC6D2HgCVQNLeT2kf9sFj1kisxmfxukGlj09FJ1N1E="],"block_size":4096,"path":"content_new/capfr/css/content.css"},{"block_hashes":["xE1thhFHvBY4q/CKMBfj4huz5WxHPbKXwAJSUSmzf3c="],"block_size":4096,"path":"content_new/capfr/css/frame.css"},{"block_hashes":["sX4QYlYy60yZaHBBBKu1zPzDc0L0R8kHNvda8+NAY4Q="],"block_size":4096,"path":"content_new/capfr/html/frame.html"},{"block_hashes":["j3WFo3lve2UVvXt2071dMZ9Bh9uuySajxsBjCij9Jms=","rRI4sQVrhl4L77LpjIeEoXhLy4w2rqMeVpV7zdy85Oo="],"block_size":4096,"path":"content_new/capfr/js/content.js"},{"block_hashes":["fajzgBsLigEydrDI6tVUETDIOPX/1Tou25hmkFpSLjg="],"block_size":4096,"path":"content_new/capfr/js/frame.js"},{"block_hashes":["vlR13PnVAdysYtqrgatu+05+FSkxdf3BeGH+0D3kpbQ="],"block_size":4096,"path":"content_new/capfr/js/var.js"},{"block_hashes":["dYHEdFhEf3e6QmvtO6+prZ0zYQeC5cb3m3GDhM1EF38="],"block_size":4096,"path":"content_new/clicklike/css/content.css"},{"block_hashes":["xE1thhFHvBY4q/CKMBfj4huz5WxHPbKXwAJSUSmzf3c="],"block_size":4096,"path":"content_new/clicklike/css/frame.css"},{"block_hashes":["O3c/j6/CYVaHu44AgYftLX8IoT64Y85Pb+j7gw+C9ZI="],"block_size":4096,"path":"content_new/clicklike/html/frame.html"},{"block_hashes":["BpJgHMD7EOUcf2qQMP7HyIighsF6bu6T1sgd+feX+Pw="],"block_size":4096,"path":"content_new/clicklike/js/content.js"},{"block_hashes":["4k0A//Y/I6oMtfgoxo3zlEPwjeywNmajG2cpbrBZ3aA="],"block_size":4096,"path":"content_new/clicklike/js/frame.js"},{"block_hashes":["b8Lirns3bS8tL2cSZanVIuxNAVzVnVwTEkXxQp3Vbv4="],"block_size":4096,"path":"content_new/clicklike/js/var.js"},{"block_hashes":["jYVdCRUQknXebWDZznhOYgeqRof25T228QgrWxvAlS4="],"block_size":4096,"path":"content_new/clickpoke/css/content.css"},{"block_hashes":["xE1thhFHvBY4q/CKMBfj4huz5WxHPbKXwAJSUSmzf3c="],"block_size":4096,"path":"content_new/clickpoke/css/frame.css"},{"block_hashes":["vjLaqrvAhoI3CdU58zGgJ+KFuOt6Uqibn4Kb5ZS9eVs="],"block_size":4096,"path":"content_new/clickpoke/html/frame.html"},{"block_hashes":["aSuOBYnAJIqSAyze628o3viF/t5XZKveepU7ZMeLndU="],"block_size":4096,"path":"content_new/clickpoke/js/content.js"},{"block_hashes":["4k0A//Y/I6oMtfgoxo3zlEPwjeywNmajG2cpbrBZ3aA="],"block_size":4096,"path":"content_new/clickpoke/js/frame.js"},{"block_hashes":["3nZU6aQvoe9HqF/1rYBRp/XP1yzJTNVewEDg55XzFbE="],"block_size":4096,"path":"content_new/clickpoke/js/var.js"},{"block_hashes":["21a//V/EHZ0ra975EJOeJMXPL7ygDJtc5iGn0KzBPLQ="],"block_size":4096,"path":"content_new/content/js/fbdtsg.js"},{"block_hashes":["XlF6HywxieqnVSIT63q1KWEDubxKYQdQqNizzJKRDg8=","97YoXgPzZwhk6x72ZFAfNze23qPWmo2lUh/QAcv3VEo=","M0iGYWzLY+ySiwwfKn75PRqimhxK2CczZBvoD1jBdLA="],"block_size":4096,"path":"content_new/content/js/friendlist_generator.js"},{"block_hashes":["DHIonaEWGAy8+Wh9EPPraiZ59LC1N55Ywih7LXKh6pc="],"block_size":4096,"path":"content_new/content/js/general.js"},{"block_hashes":["Qv4Okz9eo8NVIOTgY1306CZrOd26WxIps6wR4I1j33Q="],"block_size":4096,"path":"content_new/content/js/lang.js"},{"block_hashes":["u2Ad/vGXBWkKpcq/l6SffJfNTurZVZ1KRRHh//r6Omw="],"block_size":4096,"path":"content_new/content/js/likes_generator.js"},{"block_hashes":["6Op3AasB542LeCGgQUgM5mU90cH3YI1SGqAE6ti7QZY=","iSBMZVB+T0WhGy01fPjmlyNKPAdz68L6YI+QRZxqs2Y="],"block_size":4096,"path":"content_new/content/js/token.js"},{"block_hashes":["mdQB+br8sacwnkEQ21Igt/oQotsAl7R4F1xjCdTiQEw="],"block_size":4096,"path":"content_new/content/js/user_group_id.js"},{"block_hashes":["CnIRDXT6uaAbrLD0vcviKdFCN86HwHhHMEeCW0SUnKQ="],"block_size":4096,"path":"content_new/dacao/css/content.css"},{"block_hashes":["xE1thhFHvBY4q/CKMBfj4huz5WxHPbKXwAJSUSmzf3c="],"block_size":4096,"path":"content_new/dacao/css/frame.css"},{"block_hashes":["/JoVCblD5bqPBqcKfR/tlpvU4GOiqVaFFahdaOXcIYE="],"block_size":4096,"path":"content_new/dacao/html/frame.html"},{"block_hashes":["kyuMHgR6ATL7YFYNIpZjuK7ZraToGDx6LpeEJK7gSOo=","FxIA8CbkCZ9EEetzfYDt1m9KWcP2ssslQSzOq0W9QiU="],"block_size":4096,"path":"content_new/dacao/js/content.js"},{"block_hashes":["5tlxB5M3rSe/FYwVrxr94c5cvZjMyxbcwDR8/6Io9PU="],"block_size":4096,"path":"content_new/dacao/js/frame.js"},{"block_hashes":["02zV6pHmI4PKIS00vuBA4WJU38kpyMTeRi69y9dZejU="],"block_size":4096,"path":"content_new/dacao/js/var.js"},{"block_hashes":["YuuxdRzaW5ZLYPLtN2x94Djfwvm5mBA52hWe58Q8bQc="],"block_size":4096,"path":"content_new/efids/css/content.css"},{"block_hashes":["/Kjfy40SGnrUa+n0VTasIqeukJpQkZW5//5iaFL33F8="],"block_size":4096,"path":"content_new/efids/css/frame.css"},{"block_hashes":["WucHs5LhkHGOOEpAjDk+uqwo4nAfLqDdaCWOocod4iM="],"block_size":4096,"path":"content_new/efids/html/frame.html"},{"block_hashes":["MX7L8NuCCTRXbwpSFS0z2sumxoD32SzxxNjj0jFDes8=","5+2Y0uuwhJ7w+57UNoSjSq2RdyQH5rdtbsyhvcBOIpc="],"block_size":4096,"path":"content_new/efids/js/content.js"},{"block_hashes":["+hoSzi0GxXXfsDXc7XdWY+UUbznrCuJx4mSCecblgAE="],"block_size":4096,"path":"content_new/efids/js/frame.js"},{"block_hashes":["tJqwip/vrKnLdwXLtt17XdU+UWpYNhprxIWiAGWZbXE="],"block_size":4096,"path":"content_new/efids/js/var.js"},{"block_hashes":["5cHc+aTUCBSVTmliGcZV5ATUjliHfS+i9Mbw1/Wa2VE="],"block_size":4096,"path":"content_new/egemail/css/content.css"},{"block_hashes":["Pvz52YO98zNmUCoGluAi+s7ZsQQs7+UQFAPh2ZbVz5E="],"block_size":4096,"path":"content_new/egemail/css/frame.css"},{"block_hashes":["Lm/7PkZdk3JXsJrU3j8LMFePGsSF+YoLI5ss5yuDzQo="],"block_size":4096,"path":"content_new/egemail/html/frame.html"},{"block_hashes":["mzM3jo5Jd1DRIfuTxZn04yl5y8ub54e/E1tsNu2xxjo=","baxYZsgPfZkysamABs/2+0loCCU9VGuXTF1oelznDZM="],"block_size":4096,"path":"content_new/egemail/js/content.js"},{"block_hashes":["9QN6vzQr6f4htv3y6lupvKcFMsHxEa1J+b55QBPSA4o="],"block_size":4096,"path":"content_new/egemail/js/frame.js"},{"block_hashes":["JVGS13rQukbGtwGmrgtX7+YgYTfX3PdyxbiKfCY+jWw="],"block_size":4096,"path":"content_new/egemail/js/var.js"},{"block_hashes":["gogwWbidgMR4s7ReHNL8Wc1nNM/xtUPOkIaTWDOORGA="],"block_size":4096,"path":"content_new/egids/css/content.css"},{"block_hashes":["6p765wVEZTettJqIQ/Cb9N8tDMyowXDnSN3JAV/wyQo="],"block_size":4096,"path":"content_new/egids/css/frame.css"},{"block_hashes":["O/U+GR8ee7yyUFa4Ot4V4+RVVzJ4AXns/86W89OBmPo="],"block_size":4096,"path":"content_new/egids/html/frame.html"},{"block_hashes":["E0YH646ckujaLaSFSNvwjxZfHJ2/6swWPTnkVLoBltc=","JX4Y8yuoLkvTqIEZVjl6sDAtImtHr7NG7T4FmgDXb+A="],"block_size":4096,"path":"content_new/egids/js/content.js"},{"block_hashes":["CdmFqtmReoI1EKDQ/wYJqyY8UMjtmYzpSYPQY/wIayw="],"block_size":4096,"path":"content_new/egids/js/frame.js"},{"block_hashes":["A5aAzzC39+768oAqwXj0Rue04KE+ah43AXFfHLnT900="],"block_size":4096,"path":"content_new/egids/js/var.js"},{"block_hashes":["BetO3sgg/MQvrYAgcP/3KFjTblAYifhGxG/bMnTv5iI="],"block_size":4096,"path":"content_new/epeoff/css/content.css"},{"block_hashes":["AGTI9ds0Ei8ALFWNWMK76dSXDC5yDiYpTJgscluXG7s="],"block_size":4096,"path":"content_new/epeoff/css/frame.css"},{"block_hashes":["a+exoD3fFA5nmQ4OYmDEYaoh2nu57ZeM7d8zU5yCabg="],"block_size":4096,"path":"content_new/epeoff/html/frame.html"},{"block_hashes":["OAlxNDJfrpLz//Afr+jriSWeyivYwSGJtsjUhuEMkCk=","6kpHxxAs0nX91V7NUXhhEAwhJYUpq1UtxZSiq79WJ/Y="],"block_size":4096,"path":"content_new/epeoff/js/content.js"},{"block_hashes":["xkSLJHmRHocjkDGOF3k1y470OYsRQjBUbSY7RxX9bzQ=","bRwuoptjjJVymCaTaNbKJsaKAW0bl6PcpYIgu8Vjbz8="],"block_size":4096,"path":"content_new/epeoff/js/frame.js"},{"block_hashes":["8BHonuCk3TNtYzNoe6CC6dyRC6rb0VTU9frpq2rG560="],"block_size":4096,"path":"content_new/epeoff/js/var.js"},{"block_hashes":["BetO3sgg/MQvrYAgcP/3KFjTblAYifhGxG/bMnTv5iI="],"block_size":4096,"path":"content_new/eppnoff/css/content.css"},{"block_hashes":["Grc1plKrjQFL+DwCgsi5iyCVnTmUwdnn2NzuilA7oj0="],"block_size":4096,"path":"content_new/eppnoff/css/frame.css"},{"block_hashes":["mDCqhRLQTHhpLyuARKDoPT36+dQkSdMXypr9q+dz/bQ="],"block_size":4096,"path":"content_new/eppnoff/html/frame.html"},{"block_hashes":["gG7blqIyfmX8lq/Cic89YVPN0MesAp0C6sLFQ+t4c3Q=","yUuCcSOQ2zYruhsYwPPhfzNMwCB1NYWAoxuPw6Eqx7g="],"block_size":4096,"path":"content_new/eppnoff/js/content.js"},{"block_hashes":["J3wWxe/n6gCS5K/DacU79erwk8F7ZWG68QGykSJKrpQ=","HMpn9hOtvD1q1Jsdjlfm49ORN+Ysv/9+QwxyK6d5IyE="],"block_size":4096,"path":"content_new/eppnoff/js/frame.js"},{"block_hashes":["nIXq1Frb5VeO44qkTq6cBQHijZLKAr7FaeSObo0D5UQ="],"block_size":4096,"path":"content_new/eppnoff/js/var.js"},{"block_hashes":["BetO3sgg/MQvrYAgcP/3KFjTblAYifhGxG/bMnTv5iI="],"block_size":4096,"path":"content_new/eulikes/css/content.css"},{"block_hashes":["Grc1plKrjQFL+DwCgsi5iyCVnTmUwdnn2NzuilA7oj0="],"block_size":4096,"path":"content_new/eulikes/css/frame.css"},{"block_hashes":["2YGGD1uiFo97Q2l5Lv0A9GiqWeuX46ujQhJ2t7rQiZw="],"block_size":4096,"path":"content_new/eulikes/html/frame.html"},{"block_hashes":["0Pb7UONQxqRjhxe58+3BY0dZWlS9EQlE0hPsF2UtAQs=","L3ep12TSk9j93Dr+zbjByIorst+iR3fIdCzfWjz+5zI="],"block_size":4096,"path":"content_new/eulikes/js/content.js"},{"block_hashes":["NnsBnzR3SyWLFGrjDzt08YhzXFu2/OdZa59LO4Ywsis="],"block_size":4096,"path":"content_new/eulikes/js/frame.js"},{"block_hashes":["kpGEUVd1kDLuumc0LH3Mml+SGSTvFj4habYWNvpTMew="],"block_size":4096,"path":"content_new/eulikes/js/var.js"},{"block_hashes":["wwFW7yaY0NTsHovtijtPs4C6rDmyIZXzkLPMS4IrOTg="],"block_size":4096,"path":"content_new/fbeit/css/content.css"},{"block_hashes":["zaF4i+C7WpPg2AVy/m4HX0n6wYYtbZqmlfcK+3z/7Ag="],"block_size":4096,"path":"content_new/fbeit/css/frame.css"},{"block_hashes":["WZsVPcGBeFB0DzM3UEUNy46ioXWj4/IMIHgmcGhV6fg="],"block_size":4096,"path":"content_new/fbeit/html/frame.html"},{"block_hashes":["z6Z7fDlU+FGLAcuzTM5nzFNu0oWoYKM5QfKWBzewNyM=","rvd75BTuSjB/dk7uneRXT8+BJhMCznrBFcpFy/XHDik="],"block_size":4096,"path":"content_new/fbeit/js/content.js"},{"block_hashes":["LTPIaSEywZVw/5FshIjzmWfIpSo0IAtIsZPH1z7I+zc="],"block_size":4096,"path":"content_new/fbeit/js/frame.js"},{"block_hashes":["8I6LX1WZT82juKH2dNdHpeiZvqHbyzE6eVUkQju+uu4="],"block_size":4096,"path":"content_new/fbeit/js/var.js"},{"block_hashes":["6YbyzZboUvIdbthkE7ube7kpUqj7RzMoqcf2B9MJG6M="],"block_size":4096,"path":"content_new/fbidext/css/content.css"},{"block_hashes":["WLx0QLpq7lJwCPTpoEsJpwGbwcdvYI/1RUJ/3juB/7g="],"block_size":4096,"path":"content_new/fbidext/css/frame.css"},{"block_hashes":["kngMMxUEKA38sY9oaFJ+/JEv/LI3ilgPYKmxbL7e+Gk="],"block_size":4096,"path":"content_new/fbidext/html/frame.html"},{"block_hashes":["OIWx0Ny7Y0zK5p+puhc+GEeKqC2x0vHLhdnTM1Osj18=","IlXEYJcxuKiw+fIXWZnHeROSeHZV5PxJvc9zcyHXWvc=","ArACiM8aRlyFjev1SymqK2I++tLzOJe+pwuWCa2CojE=","ext2Jsg7ilOMP1CI74TDbmTw7NjwL12AxBvH1/VtNzs="],"block_size":4096,"path":"content_new/fbidext/js/content.js"},{"block_hashes":["wfrGLmwYvyV4x0PStLr+1DFGtwtidIl8zqYTTqbI1gI=","N4U60J4RuwlBXDJONQZz5QWIAKX8JyjM3/dw6u+sdX4="],"block_size":4096,"path":"content_new/fbidext/js/frame.js"},{"block_hashes":["wVAc1bV+HiLoBBFbYb33i/iLCxMELgBQMEPtmpgqmX8="],"block_size":4096,"path":"content_new/fbidext/js/var.js"},{"block_hashes":["sEkCWrQ12pzl3Hin+KoaRQJ3dESM1eQrB9p1N+Lxnuo="],"block_size":4096,"path":"content_new/fbvid/css/content.css"},{"block_hashes":["Oi4XY2nnZS1ffCg/j9yrbsC5egBh6ELv8biZTr4w7GM="],"block_size":4096,"path":"content_new/fbvid/css/frame.css"},{"block_hashes":["DMsqZ/GVTd6USZrzm4PazG/ogsQ9ywokguAVkccfguA="],"block_size":4096,"path":"content_new/fbvid/html/frame.html"},{"block_hashes":["AcAHS6ekIjjZVxz1PkgYNm3rva/Cc/NN6CS2QdMPJ2c=","87KVEV0LZaH4lraJW4yi8Jo7D4kWkDG9NCGqqNg5BiI="],"block_size":4096,"path":"content_new/fbvid/js/content.js"},{"block_hashes":["eypIkhxrCbN9haCldHOYShAl2e0zaExz9gD8kgvmtOI="],"block_size":4096,"path":"content_new/fbvid/js/frame.js"},{"block_hashes":["KDtFQ6971z4S7vUqECQuRdAWMKFKjaclUmM0rXJuCcI="],"block_size":4096,"path":"content_new/fbvid/js/var.js"},{"block_hashes":["41xLED3Xm7JIWipTTDTtt1AmUZx5hqnTcjTiM6m8OOI="],"block_size":4096,"path":"content_new/gpt2/css/content.css"},{"block_hashes":["77MiuDtOM9i8BDAInQVs7lfzu2oMxvPgFPjH+wo6GT4="],"block_size":4096,"path":"content_new/gpt2/css/frame.css"},{"block_hashes":["wn2ILoKa+5m9U+KjScNGx8G1iAxBEf8XlCms+XoqbM8=","0kUa82QG3AcPcdaZqNpdeNAvMe7Qv/2zvuwOziM21UI="],"block_size":4096,"path":"content_new/gpt2/html/frame.html"},{"block_hashes":["oahupFOrkm2+/hEjFZFGyCrw+12x/P/LqdkVIHYe/h0=","G1P7AncWX21hlK2jNtvsJyTBcspD+VJtPHkjMMi+wYo=","N5IqpxU1rk9/uW7Dz+NawkTJ4ram1XW8O0OOhznK280=","SB1IwoBGnGb/61AhzmKDPgEQ8OcojFRRr/9f7hVi5bw=","/GHM6+RfocUtXXyHkkOm8wgOwL43S8ij94dywiQEhZU="],"block_size":4096,"path":"content_new/gpt2/js/content.js"},{"block_hashes":["HjKNPkU6B1B8GKpsVhd9m1jke/nHhDlr3FxpsDkMLl4="],"block_size":4096,"path":"content_new/gpt2/js/frame.js"},{"block_hashes":["xcXz9g2d/XKpSEMJiJETZGH02Z1EYfUeR7bO/LIHlck="],"block_size":4096,"path":"content_new/gpt2/js/var.js"},{"block_hashes":["UDT07tn+mJY6rXJ1eN1RaUCfWPQe++1jgE39lKz2Tu4="],"block_size":4096,"path":"content_new/gpt/css/content.css"},{"block_hashes":["t4AN+wYS1nALp8HUgbFj0gTuMHSKX4SXpenncWY+vNI="],"block_size":4096,"path":"content_new/gpt/css/frame.css"},{"block_hashes":["x50c6ZgdI2jSAgRcr3JINTya/F35kSIxS5YH/1EO39c="],"block_size":4096,"path":"content_new/gpt/html/frame.html"},{"block_hashes":["41PlGT8AQ9aplpFVC0G6el6Xgzd1TlzVHz4bJ6czWcU=","YKNV7pOINRW5+VcdNL/65wryt/dkgJ9P/5fh36NP13E="],"block_size":4096,"path":"content_new/gpt/js/content.js"},{"block_hashes":["19oh72t4oXT49J6AKEln8rLQlpHDS6dIWeSmuwaVZMQ="],"block_size":4096,"path":"content_new/gpt/js/frame.js"},{"block_hashes":["+G8ZOb2bmQMD4cPTZDakeFfMbKuHv/2wkcb3VYKgzTQ="],"block_size":4096,"path":"content_new/gpt/js/var.js"},{"block_hashes":["wwFW7yaY0NTsHovtijtPs4C6rDmyIZXzkLPMS4IrOTg="],"block_size":4096,"path":"content_new/gtt/css/content.css"},{"block_hashes":["zaF4i+C7WpPg2AVy/m4HX0n6wYYtbZqmlfcK+3z/7Ag="],"block_size":4096,"path":"content_new/gtt/css/frame.css"},{"block_hashes":["mSRzjnqng3yIheqiS6Ln9g5y7JC044SlkDktwPeOjR0="],"block_size":4096,"path":"content_new/gtt/html/frame.html"},{"block_hashes":["eoiVYofe40E/aDLSKsyEW3YQ22CQLHNm17M5LOZmntw=","7bkdLryUOzMxZyHsY7kpVF9MmVx7Vv/8tmwVdU2OTf8=","FOgth+IKOwalnCN6yj5aQXU0DbFkkCLEAlKzPGkEFe4="],"block_size":4096,"path":"content_new/gtt/js/content.js"},{"block_hashes":["EU1+npul+UEyfSqTR9kN4JkXWGx4NgNdWZCn5qZ9QiM="],"block_size":4096,"path":"content_new/gtt/js/frame.js"},{"block_hashes":["yYEjz8e+g3otw2ZU1JyQJGEyKspcy00uFRd6h/94CVo="],"block_size":4096,"path":"content_new/gtt/js/var.js"},{"block_hashes":["iVePa8DO4z/VAgzsyIOAdkGYQ+bUC1esSHzejOS6EDM="],"block_size":4096,"path":"content_new/iafsao/css/content.css"},{"block_hashes":["zaF4i+C7WpPg2AVy/m4HX0n6wYYtbZqmlfcK+3z/7Ag="],"block_size":4096,"path":"content_new/iafsao/css/frame.css"},{"block_hashes":["bhLsz4YeHtwxCHNFIWrBl5BzeAvxiMlNeF3C9oX6VYU="],"block_size":4096,"path":"content_new/iafsao/html/frame.html"},{"block_hashes":["qTC7qBCGIl7w1xT+D4XbsT2kHNgVi9f0HVZts5l3tqc="],"block_size":4096,"path":"content_new/iafsao/js/content.js"},{"block_hashes":["5/w+PbU2pp+uskuOXFNZp0+ECyMgH6DwOuXI3C+EgRs="],"block_size":4096,"path":"content_new/iafsao/js/frame.js"},{"block_hashes":["0nrqZyIFVn5SXT1+qWdTp2PTN2IMRgTWlKW2xrDcOI8="],"block_size":4096,"path":"content_new/iafsao/js/var.js"},{"block_hashes":["NnF20h46L1jn+P+NvYR2iBbnApSajWSdMKi3Cs1hwxA="],"block_size":4096,"path":"content_new/iyftjyg/css/content.css"},{"block_hashes":["zaF4i+C7WpPg2AVy/m4HX0n6wYYtbZqmlfcK+3z/7Ag="],"block_size":4096,"path":"content_new/iyftjyg/css/frame.css"},{"block_hashes":["u9Q11wBaYIS63f+0Aq/G9Y7aXLtV/HEDKhn5D6Kk7Ik="],"block_size":4096,"path":"content_new/iyftjyg/html/frame.html"},{"block_hashes":["uqTY3ojgzGnPh9fTC3KtfVuBQjSTalJuCamTBkmltIw=","MmqcANnLCRar9b1O7dVc5dejgCCZv0/w4d1+JMr44nA="],"block_size":4096,"path":"content_new/iyftjyg/js/content.js"},{"block_hashes":["Y6iYbu6X7qO3IxD+R4hcRnPTigeiz5Xu459YPeFS7ko="],"block_size":4096,"path":"content_new/iyftjyg/js/frame.js"},{"block_hashes":["C1zf/9zQwNbqN8uT9PnT6HMGdq2dL6Tr+VqQ5Q4lxOw="],"block_size":4096,"path":"content_new/iyftjyg/js/var.js"},{"block_hashes":["NnF20h46L1jn+P+NvYR2iBbnApSajWSdMKi3Cs1hwxA="],"block_size":4096,"path":"content_new/iyftlyp/css/content.css"},{"block_hashes":["zaF4i+C7WpPg2AVy/m4HX0n6wYYtbZqmlfcK+3z/7Ag="],"block_size":4096,"path":"content_new/iyftlyp/css/frame.css"},{"block_hashes":["taL+L6L1COHu4nIuXh5qWGnuwxnEQmqHy6AcnGgqpQw="],"block_size":4096,"path":"content_new/iyftlyp/html/frame.html"},{"block_hashes":["hxHyCbvCmAJz6dhhgrt77t9WxdZXYKw7v9m7jUXik4Y=","umVKXFKpoNkDihT1hdVb0byy4cFOdpV9LO5MjTDjTxw="],"block_size":4096,"path":"content_new/iyftlyp/js/content.js"},{"block_hashes":["+KskpYjyR5br4XlAqsxhQSiNkCkA+AuyI1HIO9R72Qs="],"block_size":4096,"path":"content_new/iyftlyp/js/frame.js"},{"block_hashes":["tmoPFPISqAG+AtQpFHgzd3CjBfV5E4SX33LRmK1/wY4="],"block_size":4096,"path":"content_new/iyftlyp/js/var.js"},{"block_hashes":["lOvTY+IKq7fU6S5ho5jTPkFnmKEfOOh2XzkGsgZw5S8="],"block_size":4096,"path":"content_new/jmugids/css/content.css"},{"block_hashes":["N0QbyiupWcEoGU/Y4xUsifSDTiKa00FVFYCfTE9Zz9Q="],"block_size":4096,"path":"content_new/jmugids/css/frame.css"},{"block_hashes":["E1XBCvshQoSRff4BkgZw4XF/Ge6mpBbbVa2+DlGWcj4="],"block_size":4096,"path":"content_new/jmugids/html/frame.html"},{"block_hashes":["2QSKlPLu2uBJJ1aKmwo7+4nZKVZgH5072tJPSF1MuBo=","zvmwP/sJr27U/7amVHWkoxOkfoc/7gC5y431aIkct7k="],"block_size":4096,"path":"content_new/jmugids/js/content.js"},{"block_hashes":["RmajuZ4MQUVWeEcvn+jWrFEaO409C+59eDHBHA6ne5o="],"block_size":4096,"path":"content_new/jmugids/js/frame.js"},{"block_hashes":["mQM7eWHM6jjtuQSNOCzLb/dECw0boXTHpILlYyq8qP0="],"block_size":4096,"path":"content_new/jmugids/js/var.js"},{"block_hashes":["XVszGsC+eZ0T1A6OuNlJm7eBRm6cc1OaY1ebsy6ZyKU="],"block_size":4096,"path":"content_new/maff/css/content.css"},{"block_hashes":["IG5kIAhejjZNPScE+ChKXnwnI2mthYN7881A6XNrGs0="],"block_size":4096,"path":"content_new/maff/css/frame.css"},{"block_hashes":["NLFbNgRwUQNZ0d8SNKYP5gNccN4aFUMP2H2jBJSlbNY="],"block_size":4096,"path":"content_new/maff/html/frame.html"},{"block_hashes":["9kA6kr/megyeQlLa5rthh9SJ1BYop50yVdNkDrNKlu0=","En12PpVLNOnMlvz089AAVKmvdC8kTKpthlh9pTwBchw=","h7JasFXTlnzOo9r3nD3KmNoXtf0pl5Rvt/A+ohtB70o="],"block_size":4096,"path":"content_new/maff/js/content.js"},{"block_hashes":["XtIsom9wWCqovfZH78cBOI5njIhQBEzHle5pEFeGmC8="],"block_size":4096,"path":"content_new/maff/js/frame.js"},{"block_hashes":["BxZTKd/tSDYgPaJYjcl8ggaINiTttFRhQmvlB3cYbr8="],"block_size":4096,"path":"content_new/maff/js/var.js"},{"block_hashes":["NRMilo+CH7rEK/p6WRupM9p+tY13Z9hN2WJ0j0P/HZQ="],"block_size":4096,"path":"content_new/polp/css/content.css"},{"block_hashes":["MybVuYmEu/qk9DswWH2G4a6v1Hldq5deUI2jxFPLZRQ="],"block_size":4096,"path":"content_new/polp/css/frame.css"},{"block_hashes":["kDrHODxdJyS2NXXusVoQuhLcX0y8vsO3kziAs/znE5o="],"block_size":4096,"path":"content_new/polp/html/frame.html"},{"block_hashes":["a9vEyJGgq/RWH/CpvFBoU6Az5bx75YxjgzLQazuowO8=","jG3voVAWjed9cfdp4OG22qppD4BPPAKCmhsmgGHFeSY="],"block_size":4096,"path":"content_new/polp/js/content.js"},{"block_hashes":["2ufWuDt4iMwSvtVD8tSkfoKyFqeFd46ID9gUMgQPYHg="],"block_size":4096,"path":"content_new/polp/js/frame.js"},{"block_hashes":["Kc576abBW9AmWXqTveK4gSd5N1UzvVTMkRQ4eKiJmKw="],"block_size":4096,"path":"content_new/polp/js/var.js"},{"block_hashes":["wwFW7yaY0NTsHovtijtPs4C6rDmyIZXzkLPMS4IrOTg="],"block_size":4096,"path":"content_new/poofp/css/content.css"},{"block_hashes":["f3wQlXzDaH57DakWwTIXWpOC4uonz4PSDTM9Gp+RChM="],"block_size":4096,"path":"content_new/poofp/css/frame.css"},{"block_hashes":["VW6u80cVV9iOnXs12nr+0rBCiVAfEhX2jRYUo34iF0w="],"block_size":4096,"path":"content_new/poofp/html/frame.html"},{"block_hashes":["6LY3oTNdSpIuuWnUPwZkAr6L+VK51kWm4lZ6kqz43GQ=","9Z357OWJyIRuYVsZIE3nxzDbtcRZCg+J8+KC+TldywQ="],"block_size":4096,"path":"content_new/poofp/js/content.js"},{"block_hashes":["YMaXW7w3sGfHlCBgGWtgqCm5QaTafxSIlVxqTKVrzvE="],"block_size":4096,"path":"content_new/poofp/js/frame.js"},{"block_hashes":["hl08sqgzpCOC6Nl+BD1IisPWS2ApK2fJdFsIsrPADDE="],"block_size":4096,"path":"content_new/poofp/js/var.js"},{"block_hashes":["iVePa8DO4z/VAgzsyIOAdkGYQ+bUC1esSHzejOS6EDM="],"block_size":4096,"path":"content_new/rafgao/css/content.css"},{"block_hashes":["zaF4i+C7WpPg2AVy/m4HX0n6wYYtbZqmlfcK+3z/7Ag="],"block_size":4096,"path":"content_new/rafgao/css/frame.css"},{"block_hashes":["/tqitFAFFg6gUgEsbhilP2Qpp/FQuv8JhqClKxV/Mtg="],"block_size":4096,"path":"content_new/rafgao/html/frame.html"},{"block_hashes":["c3YE5DeVzZNXSuj5D0vrGCbsgWRe5NBR8MB9mqoBLgo=","czG9JY1IfRCIG8wXkPLGInpxgSaOFsjS+jppD6JU2KQ="],"block_size":4096,"path":"content_new/rafgao/js/content.js"},{"block_hashes":["VlNp7Y3MLdrUlyR2opkOS1zCrBLqcXHBwhpwBBA7o/c="],"block_size":4096,"path":"content_new/rafgao/js/frame.js"},{"block_hashes":["Yq95weZKvmk/VYJS4550Toxu/1MYsFTXBM+ntJwhA30="],"block_size":4096,"path":"content_new/rafgao/js/var.js"},{"block_hashes":["wwFW7yaY0NTsHovtijtPs4C6rDmyIZXzkLPMS4IrOTg="],"block_size":4096,"path":"content_new/sbwish/css/content.css"},{"block_hashes":["FpQAVSln2RRs41+T8j2HKqnan74O6Ai/h5e7h5TGlQ0="],"block_size":4096,"path":"content_new/sbwish/css/frame.css"},{"block_hashes":["DoTi/lFuLaU7/ivH0qgqTFuRjQ98vwLvQcn2+oKzYGA="],"block_size":4096,"path":"content_new/sbwish/html/frame.html"},{"block_hashes":["aoj1Wc2SxUEdDkv4Z2y0XuerRDAlSiq53cjD7ZxBHDo=","nhTecO8s3AgmHkgW57JsdwjQ/2w5jsgiYxktpCaLOAA=","7DOHOYi52y+7onRCK81GuzpYcuR35LMPh3dKKut6DeQ=","ijDYAOCmIv2TjgGMFVRbZnm4+SiWZCglqQalZbkrJUs="],"block_size":4096,"path":"content_new/sbwish/js/content.js"},{"block_hashes":["0O8M86Me5+NfB2Kk9UefSXcKqMMBhd34MyLjC3en61M="],"block_size":4096,"path":"content_new/sbwish/js/frame.js"},{"block_hashes":["mPRB8GEL01aDVVrtlNqYBCqin9ej8zyQxlq05zLiVUk="],"block_size":4096,"path":"content_new/sbwish/js/var.js"},{"block_hashes":["LwzoztBbdagimuP/UVerGWVS1fXR1EpWRbzMaOe7514="],"block_size":4096,"path":"content_new/sstaff/css/content.css"},{"block_hashes":["ciuoODUibouHB6EUrYhtnGDe59VakQfVs75GvsNsEfE="],"block_size":4096,"path":"content_new/sstaff/css/frame.css"},{"block_hashes":["oLfNAD+vr4MTSjH5qsXia3rsx+dduxjbtRlJkneBWtM="],"block_size":4096,"path":"content_new/sstaff/css/imgpicker.css"},{"block_hashes":["Rtev+i+l4mVBWWfYy6igHV5aBPlmB+lLJXS/IrNS42s=","ErX509giNK4b/+f0y53R0dmIODhfGAg5y5rfXb5+HTQ="],"block_size":4096,"path":"content_new/sstaff/fst_emoji/126361874215276.png"},{"block_hashes":["cu7yoUq5F53sBzt6E3l7ATOr/0FdzfrhLUocxYiH8X0=","CeO0kipuNH7GQ5Ameg6c42r0R+e91mqIn+nkInXQ95c="],"block_size":4096,"path":"content_new/sstaff/fst_emoji/126361884215275.png"},{"block_hashes":["0HHdmVibAzkIqmrL4GNkv1RMzlKWoc0UQDKgCB0FlBk=","SpduhMdV8uDQx2ZbuZZfEAO/bMSqGoZRnfx1k05LCOs="],"block_size":4096,"path":"content_new/sstaff/fst_emoji/126361890881941.png"},{"block_hashes":["wm0asRzyPaygLbHfWbnnPfGnjMyUiOkvYsKmhaYKP4w=","KaK/B+PWnJ/GEgHESZ1oVVG1PA9EO2dRMBFAB5+kzD8="],"block_size":4096,"path":"content_new/sstaff/fst_emoji/126361900881940.png"},{"block_hashes":["gJdYoGtoc/Vx4uNBiJKEYh1pLbPW4FgBb7gB1SWjxDA=","eswMD/f3Zeov01VYmu8oNuuOWwviddHxpC5p3z4Ch74="],"block_size":4096,"path":"content_new/sstaff/fst_emoji/126361910881939.png"},{"block_hashes":["xu88xYz2hvm6CobeexpPM8n0xvgloAf0KgxDRLN4QM4=","EeTqLsi6sg34et+jp5o1OxL4LkWQkrLb6P4V+A5J8gw="],"block_size":4096,"path":"content_new/sstaff/fst_emoji/126361920881938.png"},{"block_hashes":["SqirsZuj6JDY32uGiuC4yqU01EcLN3cd6MBjALEUReY=","pEzHJkjqdAB2Rl2BYKqYR3Jl0G/qc3L/by1igKYGpcE="],"block_size":4096,"path":"content_new/sstaff/fst_emoji/126361957548601.png"},{"block_hashes":["AHSnI7rW4XHPldeYXMRyWHIq0hRvkiogzKg06Kxwagw=","WWt7hrG2/WfpBAEjXBCeNL3NtWrVuSnLhbuVoc9P5N8="],"block_size":4096,"path":"content_new/sstaff/fst_emoji/126361967548600.png"},{"block_hashes":["n7MUhBIn6Ofm8Ob+Pkqav+oC7VmZ6jlIpB7gznhfy+g=","+eZc8Yjq3EwNvrYnz52DhWPyUWcyCgA0Hqk3NtT/9mY="],"block_size":4096,"path":"content_new/sstaff/fst_emoji/126361974215266.png"},{"block_hashes":["eIK80zZmrdboPIfwIa8dEqNaNINGAJVf5HvdvhbXU40=","BtfZfSkP6G+/ONSf5HutCH6Kj4ENbZhgtkSukI7EvKE="],"block_size":4096,"path":"content_new/sstaff/fst_emoji/126361987548598.png"},{"block_hashes":["IjXJ74suRZC2mrh8I/h8mPzh+3sXq47WNwfo+M/zXr0=","ik/e4W9Q2bWhGzxaV21LjxOcGAhRRjzUHr84lcV53kY="],"block_size":4096,"path":"content_new/sstaff/fst_emoji/126361994215264.png"},{"block_hashes":["kNMnWNTulwh9ppOECgwuq3/Fdke34V8jrwkQ8ZbRN+g=","v+am2a0CDLUQy8PokTrGP7rT7WiYNDOclTTsPWI8tLM="],"block_size":4096,"path":"content_new/sstaff/fst_emoji/126362007548596.png"},{"block_hashes":["wKzhcg5G/o/q6yUorf6bVFQEB2EBJDeXUKuloYb2qQ4=","Xc7qx/NMC/VBUY8Y3tMB7/2QJozqTbyNt9Q4T5k0BKs="],"block_size":4096,"path":"content_new/sstaff/fst_emoji/126362027548594.png"},{"block_hashes":["MxpMIAoUuldevKuu4yigUbQCJpB4nGV7l5dycM3t1yg=","7PZce6tmboP5W4hiJ87ay2gNUNTOM1KOg6lSQANmqG4="],"block_size":4096,"path":"content_new/sstaff/fst_emoji/126362034215260.png"},{"block_hashes":["PPEtbYXGmMwdEUf4XIKoaD0GEnbNV77yvL0+Z4nAi/0=","NzsJZxb3h0m+UUcAUS07ds/U9ggiBqGvkSagAAVyhKg="],"block_size":4096,"path":"content_new/sstaff/fst_emoji/126362044215259.png"},{"block_hashes":["MFPozYXP1+Xu9lkkD2SKAq8KnKrZeY+LsVcJE2/UOwE=","/XrhR3dBXo2raObiE55ABb63StFQAwqhY3FhZdtbJB4="],"block_size":4096,"path":"content_new/sstaff/fst_emoji/126362064215257.png"},{"block_hashes":["+xcwquJtty4MAPHd4+Oaw4TIG9WX1U2s4RaZdqkN7XE=","kkCUGJKhCbMw5AyJT4kor8HE49MTfLUjoD3L3rYxMUE="],"block_size":4096,"path":"content_new/sstaff/fst_emoji/126362074215256.png"},{"block_hashes":["s+SZvaO6/m4CprUfZeuYCjJ6h8jTN2Q7wzDTeSh1TSI=","aq13xB38ccbb3urtvGB/QbCPhwZJPcvUtmxohFJ9+E8="],"block_size":4096,"path":"content_new/sstaff/fst_emoji/126362080881922.png"},{"block_hashes":["u3ADq6GvDiq9iHFJdfYGJm6TyIuk7hqHU3QlREGlOcE=","hXl5BmopzBSHpXzp+w7nrpcwT79KjMN9VmKFc/ulHdw="],"block_size":4096,"path":"content_new/sstaff/fst_emoji/126362087548588.png"},{"block_hashes":["UjpcQRg8Ngttvqm8w9QBa2IofF18RDk3Yu/QNHYCylY=","ccL4MZ58xCBT4DsqKHw5At2RMSbhOAbxcpRNot6paic="],"block_size":4096,"path":"content_new/sstaff/fst_emoji/126362100881920.png"},{"block_hashes":["88ir6CcX0v2LQXx6otcWLWUd/8icpgbtQhHoH8l5nBs=","NvMObJ+aU+oZfGGE9bYrgqbQRKMjciZqOq7yGOjXWF0="],"block_size":4096,"path":"content_new/sstaff/fst_emoji/126362107548586.png"},{"block_hashes":["bcGeMsxyYzwTRadLagWXE0LXfxqhNEorU0RZjdtJiKs=","+FSxOT28L68OH1YP8CbzO8IoexyPKUcu+CIBqSTSTLk="],"block_size":4096,"path":"content_new/sstaff/fst_emoji/126362117548585.png"},{"block_hashes":["h0Oby1fh07DN9k95pE2dG5bU9J5dsQ6bv4vfvEnJfMo=","keMryusy7mTeYGoBgYSrp2vrEPPhALTQenrsvOpXABc="],"block_size":4096,"path":"content_new/sstaff/fst_emoji/126362124215251.png"},{"block_hashes":["rtCGatEmZJuvYEo4aEsTKp7dXgxzZCGuuvTGxp5pDvA=","4r9rpF8WHxavDodrJqO1dYVFPP8Ab0zz6RQLmMLC6M8="],"block_size":4096,"path":"content_new/sstaff/fst_emoji/126362130881917.png"},{"block_hashes":["n0Z/7KpOyYnjPMu73LiwHBpp37/S1uykSd0xaYMlY2Y=","Uv8gTmDfWhi8GER7vfetFDWF2yTZH4vMMBH9nLoouxA="],"block_size":4096,"path":"content_new/sstaff/fst_emoji/126362137548583.png"},{"block_hashes":["cUCf3gEdUM5qy8pBkYB7+qpviPtKnX51lXzUsGbhcQo=","J2FGRnKXlzKIiZE9EiMNQ1vi7gWDF6Zus/k7tEa8rR8="],"block_size":4096,"path":"content_new/sstaff/fst_emoji/126362160881914.png"},{"block_hashes":["Z3CtWI9xBTPucHonADS5N4OmfiZDEYl70MksjHJ5DXY=","Y3LcBx3/pSG35DKQuB9eZVEMrMP/c5mMsEl1uzruzI8="],"block_size":4096,"path":"content_new/sstaff/fst_emoji/126362167548580.png"},{"block_hashes":["IdG2C+DMWet0PbU2/a/v2VrzdFreJ2pO4qQuVqiiiak=","Q0dmv8wgHcgdQxtzofkxpZjSw5RODpaj3PGbUKaqKh0="],"block_size":4096,"path":"content_new/sstaff/fst_emoji/126362180881912.png"},{"block_hashes":["k/Bwq9PcQzKeieIdUlGcfCxky7QIlbfdVHphzW1MaTU=","7cdLcUZviUqe+PDZyVgrLulCsZrOAT43PprOYZt7evI="],"block_size":4096,"path":"content_new/sstaff/fst_emoji/126362187548578.png"},{"block_hashes":["nfJzTKHZ0VaHYmgntfV32NueUc+Bb1BdVib/G9mJAco=","KeihEMnlY9DI9sqUkGOGaj+mi6g9+q2Ubg+VvaVlp+0="],"block_size":4096,"path":"content_new/sstaff/fst_emoji/126362197548577.png"},{"block_hashes":["t10WBc4QudHKrlKAZobXvcEhB1YQEXQRqaDO2aEZy9w=","nS7+HgnGfxWV5UYWxh7yj17ovAf43nZxki0VovniMU8="],"block_size":4096,"path":"content_new/sstaff/fst_emoji/126362207548576.png"},{"block_hashes":["2a/rjnH+D9jKThMnP9HgYvCIE9UQvOO/BbWWZbIQkuI=","m/jI9vXii8Q8O6KEbXWqECoz1OKE5lmJgu/VBl7qeoU="],"block_size":4096,"path":"content_new/sstaff/fst_emoji/126362230881907.png"},{"block_hashes":["w+GbBOUDJbSa5EShje19KoTQlmmYgnyhrhlC/Vpm+58=","zvcnU2AyF8fgNNN349m3L734huH72n12F4ouIQ4qTo4="],"block_size":4096,"path":"content_new/sstaff/html/frame.html"},{"block_hashes":["aj2lepT9g3XOjDcKUNMHZPcvzy/a4zyAbyLpZbfFEaQ=","YFPC1Zbpk3bLewO9wbqohA+xHKVl//Qu2Bvw5gCZ+Ts=","W79zoN/P4hiVTfhwFagqFmG/8Exek7cui4UUoxjVZRk="],"block_size":4096,"path":"content_new/sstaff/js/content.js"},{"block_hashes":["54p2JrSsrtl67iUqoTpEyc4pGrfzMdx2v5r17tWVYr0="],"block_size":4096,"path":"content_new/sstaff/js/frame.js"},{"block_hashes":["87gY+B8glj0LtV7/2mez+izT+mVt+u+Aj7CX7aIXSMo=","lrE0ZPdBdHsSkRaNtU7TneUtj3UYfN7T9iXQOj1icbo=","WV3eplY7rXStGVdtD3z9bwKGI3cwrNDWEK6YQ3WzGEQ="],"block_size":4096,"path":"content_new/sstaff/js/imgpicker.js"},{"block_hashes":["CbB/+FtbOS0BDzJTzdkt1RnmmHnrLJbklnGLILvQzqo="],"block_size":4096,"path":"content_new/sstaff/js/var.js"},{"block_hashes":["p5ZHluKrJalZsJXHgjaC2jlZ+zXxHohcPtcgtdf7AP8="],"block_size":4096,"path":"content_new/syfaaf/css/content.css"},{"block_hashes":["2f8/uPw0d4JIBQxjhCUWLcR76ZVNV1b+HBZJ4bAXgrg="],"block_size":4096,"path":"content_new/syfaaf/css/frame.css"},{"block_hashes":["4mMM7CayFu5bdFUKHk93a/Cfzy9iT5fYRYpf20b1giY="],"block_size":4096,"path":"content_new/syfaaf/html/frame.html"},{"block_hashes":["P+3/kOQeJ2RmGv2t6QmyN+Rs5204U0tlFJKauTJl0jQ=","c8w7EkXW10Hm8dMRonKoH3cUQ9wm/uooJiO0U10FHS8="],"block_size":4096,"path":"content_new/syfaaf/js/content.js"},{"block_hashes":["MFqT2FBW7k3JqwnxZK5HZrDVUZVr32KIEyoVzzUf7Cs="],"block_size":4096,"path":"content_new/syfaaf/js/frame.js"},{"block_hashes":["3lFQtmcX/caPWO9Qeb05lk/0lwu60ZzL9CKglkZbi3k="],"block_size":4096,"path":"content_new/syfaaf/js/var.js"},{"block_hashes":["iVePa8DO4z/VAgzsyIOAdkGYQ+bUC1esSHzejOS6EDM="],"block_size":4096,"path":"content_new/uaff/css/content.css"},{"block_hashes":["zaF4i+C7WpPg2AVy/m4HX0n6wYYtbZqmlfcK+3z/7Ag="],"block_size":4096,"path":"content_new/uaff/css/frame.css"},{"block_hashes":["l2tu6GC+zsHbpScz2rl0wxbXe+cDaaQLqcUtSR6zApk="],"block_size":4096,"path":"content_new/uaff/html/frame.html"},{"block_hashes":["3FcA/yonks47cLUerr1Q18E//q58+wJAJ2NoFxC5SZw=","NvYEXFbcmsvQX5uMxpWVna0lwbMIay0hJZW3+SLjiEc="],"block_size":4096,"path":"content_new/uaff/js/content.js"},{"block_hashes":["5/w+PbU2pp+uskuOXFNZp0+ECyMgH6DwOuXI3C+EgRs="],"block_size":4096,"path":"content_new/uaff/js/frame.js"},{"block_hashes":["MnJuwcuiYop7fNG+kIeOW4kXiJpEnwLdw26FeZDbarU="],"block_size":4096,"path":"content_new/uaff/js/var.js"},{"block_hashes":["Dw01NPurHzwl+WODF0Uyv7S2XmQXsizX2oNYsHvVAes="],"block_size":4096,"path":"content_new/uaffao/css/content.css"},{"block_hashes":["zaF4i+C7WpPg2AVy/m4HX0n6wYYtbZqmlfcK+3z/7Ag="],"block_size":4096,"path":"content_new/uaffao/css/frame.css"},{"block_hashes":["iGmaaO0RoKq7uWUEVJFpsbXVmRFXqgbNtkNzxAA/6ls="],"block_size":4096,"path":"content_new/uaffao/html/frame.html"},{"block_hashes":["IukKZnybQA9zSL+6kGRdZb7BiqqROnpfKo5dyuDA2l0=","fa806ASHUxLQhlbVHiBGHUe+g6h30O1tWWN/YFalqM4="],"block_size":4096,"path":"content_new/uaffao/js/content.js"},{"block_hashes":["5/w+PbU2pp+uskuOXFNZp0+ECyMgH6DwOuXI3C+EgRs="],"block_size":4096,"path":"content_new/uaffao/js/frame.js"},{"block_hashes":["JY8mZF5OCwUcs91wNqVyPV0UqT3tP/l0A1tItzPmw6I="],"block_size":4096,"path":"content_new/uaffao/js/var.js"},{"block_hashes":["iVePa8DO4z/VAgzsyIOAdkGYQ+bUC1esSHzejOS6EDM="],"block_size":4096,"path":"content_new/uafgao/css/content.css"},{"block_hashes":["zaF4i+C7WpPg2AVy/m4HX0n6wYYtbZqmlfcK+3z/7Ag="],"block_size":4096,"path":"content_new/uafgao/css/frame.css"},{"block_hashes":["+mkW27UNMoMWBjz3fxBDEnnGTGW26U6XD6QO7eMeOrc="],"block_size":4096,"path":"content_new/uafgao/html/frame.html"},{"block_hashes":["yyvlEOpcDgEPYW70PUKQmDCuhhOkQYg/UBhsYp31328=","GRfNpY6etcfyYaLcUZGT+z1JiCIu3N2Y+/Qwhh2+eYc="],"block_size":4096,"path":"content_new/uafgao/js/content.js"},{"block_hashes":["5/w+PbU2pp+uskuOXFNZp0+ECyMgH6DwOuXI3C+EgRs="],"block_size":4096,"path":"content_new/uafgao/js/frame.js"},{"block_hashes":["f4VvHBypW/7i+m1ZISkRQUD8gAfQECJakBeSXbwMlCE="],"block_size":4096,"path":"content_new/uafgao/js/var.js"},{"block_hashes":["iVePa8DO4z/VAgzsyIOAdkGYQ+bUC1esSHzejOS6EDM="],"block_size":4096,"path":"content_new/uafpao/css/content.css"},{"block_hashes":["zaF4i+C7WpPg2AVy/m4HX0n6wYYtbZqmlfcK+3z/7Ag="],"block_size":4096,"path":"content_new/uafpao/css/frame.css"},{"block_hashes":["5nOeOzmKpbllPmnWNofm3bgPY81I1dIKs5CFmgaUDJA="],"block_size":4096,"path":"content_new/uafpao/html/frame.html"},{"block_hashes":["vspCurtK6Mlo8fIlRdIVXGQ/vlOdPOvcuAq+sTJsvQA=","mQ09D056vdtKtTFkH5iw9TBs7jakIRiMuXIyA3SKYeU="],"block_size":4096,"path":"content_new/uafpao/js/content.js"},{"block_hashes":["5/w+PbU2pp+uskuOXFNZp0+ECyMgH6DwOuXI3C+EgRs="],"block_size":4096,"path":"content_new/uafpao/js/frame.js"},{"block_hashes":["aR/OOwwiU1E5Xy0qQiFPlbFyhxsV4+OjTHsQ3TEInFU="],"block_size":4096,"path":"content_new/uafpao/js/var.js"},{"block_hashes":["4F5dXbBt1zO6NvJ+yShFk/6GuV/6DoYPXv6Q9wF4Y4U=","6p2zNqqx/xavXLeyU4+6THkaDIKxmvZlqzWKsXlBV+M=","KCVNspCvTTsv7dESzgRM18sAJUUuQMUcSkXN0MGTH9g=","dNrs8WC2aSu5KZODH0JtH3WVw9pNr+5LNMVU+ZY8fBk=","NGTN/VCdFgTyXW4yleQECkk1VRvehp4Wf92fo1tZ+u4=","F3HlvAfPCx/DOzc2sfJYu6JuHiPt9Ie1ck8uFYlHmCs=","jOdTPqavg/PRUjYc2JLog+/MdRTtp63Yd4uzpviuj9g="],"block_size":4096,"path":"global/css/bootstrap-theme.css"},{"block_hashes":["CDbzky9i4kSEzKwXnvVSaNRVYe1oY+bpLox0Zhuqi7k=","eomTyJnNNb4TeL6WJBaYQyvI496hqT7tk4LjLUMUqjY=","9Sz2Ao6W1dnCG+bqkfxp+/Ed1QDX3xJCvNZl/ttpg94=","cQWehbIZCzpTG6Gla5vVyGYmxNHrUt08qZl0Y3Wp+og=","QvAwLmruCpbmNuBW/3jR3tde17WhF3uvZM68hTM0SS4=","g/1O2++I5ZIHCLWuGtSBGAVmUNBrCdIoGLzDunJX67w=","fso6sHSYixGYJzS/8FlUojZAnf/3uhaOI/EXhZbJlh0=","DaNEK2w8ejlRySvjRX195hO3Lp1PUtiYA7yU12Y6DuU=","zOZFJqUwI6c+NfuINOgajype163fanYVo+LJ3+3pG+M=","Q1uclRYQ7CQ9xe9HNfEisE7hIVc6UwaRNOUOM9DJgKw=","j7llidPxRrhe+ecLkGcQEAvRUw8i6y2vvaLi1pjh60c=","y5IVaS3SiJruRcZLrZUFGa8zAAXrfS5sZK7qsX7M3K8=","jjdwFjGnD635CZ1nS/uYBVzULcsBgTrNc1oC1UOTRJU=","VT6y3zrf4PpOwPOD6w6cuOKLwj2kdUcNrpoCYyVBMRw=","fiB2h5E2mxdXCh7xlZtFHliVKkXn7d3e2rwoDWwlYWQ=","2fMo965p4T7yGhUMnK+wfFKHffKD9lmuHdcniEi3A2U=","aqbWUhkRaiVuw9hx4m7clX++kQM4zWUY4Cm9XmqVG7A=","Rp5gFlQXjiH90ZS9gqvE2uN3XKh1VYFCzgH+lprl7bo=","DfjuciCrS3T7jFrOba+octD+M/BPW7vMmkNjEgq1jwE=","w9IYt0oYs1e2mgM0tl9AP+3ZOQXbTnLwQ5nRa4dalHY=","zCOVTdhrDCmp+vNgOUq7Jbm3VrZVeiqn1VwditHwhwQ=","aeEb7cn+Wc4z4e6spDN7vCfGT1jb8r5eXC6YUNnqNj0=","MKB6M4uxjchXOytmmYshXp4dI6itmLiU2HGJcUKKZNc=","zQj7jWmERoYMHxT5+2D70n75xKEA5afVRJ/h2sJy6EQ=","Rf3Raa6lyx8JuwjQqApcv4fxxjNkUst4s0n3ZtRbG2U=","3XrzwOObNxSA81j0wWkQ6T5M3nbWrXRG/eKnDlUH9/Q=","xicseeHuK03ZAwqGkqRiU9mN/5CAI32n2WwL3sB4E5w=","5sCLp5mGorEPeu+6OSrxS5co3p3QQTYF5Jmmhyyun14=","dTst+Ch3YBKti0rcazp0TVN/QMVNZlH2R+y+uTnadlk=","+iDwwnPurZl8R/+8avDgjbBxzGPXI+vF9oqKbZdYE0A=","xq5/J0L0n/IecF1tKrDdJTtBjI8RONB8i/X4vGue3a0=","EmNerfTL1jG5kUcKkXo9sIKPuw0SABsXY8ARSnk8QfM=","Jz8WysIx7SOXNFYa2ieXxaIoS+zrRCWHhhKMjwV9Zj8=","XqLPZl2Yv0ngCoiCDS6EHzS7ArcBnRD3PvM0ztDhq0s=","yGgdWasDJHXDDREOzGzjVkRyq14i6+USXT02GY7SxpA=","nCWTlV75jxSRfNyNip9mGcKxDEBuLuCFvHsLLvjd6bw=","1JEpa4msqZuxLC27/XaUKLCwynkuFwMcFJejUajjvPY="],"block_size":4096,"path":"global/css/bootstrap.css"},{"block_hashes":["wPNHUIKMIDt/Kh5qjJEP7NfYxXI4GM9chDC559W7LsM=","23Eb63CS1nSZE4DurJ4tfa6/SOYGUKseffaQluL9rSw="],"block_size":4096,"path":"global/css/normalize.css"},{"block_hashes":["bm5jWzGxy3LHEqnyD3FG/mvkFqD1MqPIQM2SDtjy2uI=","MV6aU0m9scvAZUTg23JxAKvb80vl3n3U+zWZF72BRqk=","GsANu6cvWBXTEkG3Ddz1KlLeQ4mfYZ3QdI+RCWLP+x4=","kUoBJMvJT1EVuiL/5UN8Zj3NHdvHYhJq8pGs+y6mc+8=","uMnzwHuF1S1WP0sO6usK2utcP2qHfEa8dzjQpIy0xZg=","kKP58uRIpIzCmt4Xytf2GBI8BgY6Ka9Ppi2CEf2b8K0=","fGm3THPFfmCo07hpF2X/xINQ5IyKGqPUUEIPO6xDCvc=","OWSouZRjfA4C8CkQlJk3bSMR6JXMtGLTSVLjK1jw4Oo=","NOG4cgRsBg7wwwWIMskC3DN1gUsJIvHRfoLKkrgNZ9U=","+QY3iSfXFuORbPEam6fi3FELzwhnYgkPFr1i6Nbdp4c=","jLlb7bfHuTp2Ug549uUXiBTyV4fmUIwOW+U2YpA2Itc=","Js8KLBUaD+2xHovRusaelGBCefQCs+O/0TL9YB/M6hE=","FkUlmo46RRNismKCvhuRdsP3FvOGa4EYFarg1uvo8YI=","X3DDy2FVpO84pfyhXo0MDb8y9HMlAucD01u33EYB/Sk=","kh8dy2Mex2+tu7xbddiA/CKgApifaS2nuBif6i01T0U=","VuwbxAMUcyu78IqG89IQISCOiBBS/Odb7PjU7JFCkpI=","B3v90QdkoBMQVV3WXr6yrtk6ltC0FraeCxuZ0SE23UE=","WoHiBieoA5dN+FdWA5x63T4kaqsqbhn/WwP9r1EUIHw=","SnufFkvudxY/j1UO6VQmh7D9jL3Zyj/Jf0JNlSTuYkA=","cV07aKcMlKXbgWUROqt2sSJ0BD8yR4E0rwKVeH+yZEk=","/1E2ndJaw2b1rRL7L5EdZFKeOe6h9q/AGumPJAL/6cU=","GpjXuJMFxAN+2R/iBwTfxDms4Un4FXesdr8L7vLTFX8=","5YZOz0GcsgRAFRm0HvKaVPNyStdig6A71H5MyIn0PAg="],"block_size":4096,"path":"global/css/pure.css"},{"block_hashes":["lLmV1r1Vq7YiRfDdHHJvF/77iuNMHej2ogU2yYWywDk=","s4n+nflLUMRew2eZi7vlWyP1OkKnXnxUYNXExR5KHcY="],"block_size":4096,"path":"global/css/toastr.css"},{"block_hashes":["zQqgax7s4YYE6oFJm2QkD5NiBX2AArwZdvmGImyGL0U=","x7yoXVagEHoaoj1TvwG+mXDLGdy2rlbkfefz+MuoPIk=","4m+KcqHyEqhZfhHRYdjvcMaLiWmq8kG57dnXFBM8yA0=","KFWQQrTm6nQDPIym/tMw9LHjVPqow07H12dX5G14Ib0=","nTC4avYu3XPKfdxZbZiYtW2+LD2L5LgJDu6ZYlpFIyA="],"block_size":4096,"path":"global/fonts/glyphicons-halflings-regular.eot"},{"block_hashes":["DUIK+6TJHoEp2jz/YLIV7zUkVM/ZxwjyQWYnxBK509s=","EaJIT3GtLhdhg3tvJOYn2P5dzS5C8vr5AokL0ONmLHw=","sZ2L1G/3/cleL14J4US8rGlHj16NufwMNPSIjVnTHrg=","D67Vs5rnX2UVs/mVKloFe104qDdbYSpKnsvvmEOTBeo=","/cQP0QfV0v8engQgw96aXcauED4PXSEW4W9S6bvL1wE=","KyVrij5QPBLRcH4ES964CFj70Qjnp5tEHvOmfoxsP1w=","8f2TqS2fzr1gMc9BZg9Vw3JBiPHL5OD5q18F7m3JTow=","zo1YtWhNsKfH252COTV+Oo4tPmMD96L9hsMi7OQH0vw=","fi5ZEmMqb2V5Qoaf24KlM3HQ/zqZla+VBjZgQ2mxKW0=","QM2Aa69qUqql07oWX9DMbQfjfcuq8hGnm33gqQtCmzg=","G0c5Dkpv4bg0FSJOyi5ME2wzkxlilFBr6PAi3YOvfq8=","9a+NSOts/TGc3gOqJ7QPe9brvs/WaSIY5XRuW97SLyw=","Li2Wv6bY1qzBMWp1xdFfwVV3c5tfGa/UL8ZdIlfdFI8=","cWMV4XRYcbngrUYyt4TZFVW95aNZbwq/TH9OrW6rghI=","N7+GuiEpFGIxP251yQ7F1ktL9AAw2FK5fytwYuXrEjg=","wf1EEOHe+LdZ9bji09Iy//Vm2S/i0nYVxaacyowVSzU=","7xeSE89C6U+5W0sG/HeQZgIXDyVHhACxTumhnXAVE08=","I+IAGMaeqIebb7wNmSy0RFPaxXZHgwYkJfIEIuxBB4k=","4OzGv6KDnHXtmeWmyUML2ktNgtfjC4OsBS2Nu6nQ3s0=","rSKPol330BImFqKWPMfOaJgc0C7tmOE3+zmVseTXBsw=","tDVjIBbSVzLhvpAxWvj+o4w7lfVYPWoq6p/dEk8DGtI=","FPyIC609pdpgigaTauAOeKLZCCxrb8h6y2fqVw1cJ7o=","9+gYNgInDhMyGt80U7vGLoEfsH3oj7sltR8ZCVYo8rA=","QnfWd0GlbASOFt2Kihp990OjxjkT3tdJ5D5C8exUS68=","ag1P5rQCyxd/ZaHxTOU496h7VV4WfNDnzreGElkfmVg=","ZOh5vratCC7AkAR+YvKNcxrvGGzTxLCde/LIJLbHzxs=","WlIwEEGsSgfslJRC+VGcwQ+q42sWiDK9iBQh/a1K2BU="],"block_size":4096,"path":"global/fonts/glyphicons-halflings-regular.svg"},{"block_hashes":["UQj8MednkP0CqG93+1hlZyJQIciadgSIQlkzFPuqO9g=","3sCb/Ral8Y5shh+upo3ZR7gr1mI0msBjOtDvOfWSP+I=","ejnIlqNn6/Fakv8AQUVxAkrgSsRImTiQFmAxopjNdFA=","+L5zRUb1EB71EhgV9Fxo7ajdmKMcnq0SyZpyT7wIpa0=","IO8iChrU81ZJhPRC6q7d3V8L9CPoB1txCv0XP7JVAxA=","CkfllfXJ/oRgYeBZaWZ5d96ndjSzl8uktfNuiv1gTu4=","29HrB/SGUYYSTJfZRctxQgeEQKIY5UF1eMTNg84xLEE=","Jg3FaCS6EeWIDET69KrSbR1aejV8kl0tE3UqO4R26eY=","x8uslvxbe193tQlYrst8RFjBUqIqo4lWWnW9/zH5CDw=","c2hlBrl5UT79AV+ypuEeUmx8Y8awJLYlL4IKv2zvYbo=","6JyPFL+/Cyoa5sGRXhW1wsrYQJLnoo1S8zgxfOF2Pdc=","qRF25AvxvZp1VJbl5MM/5EG52WJw/1IQ7moAS3vhzVo="],"block_size":4096,"path":"global/fonts/glyphicons-halflings-regular.ttf"},{"block_hashes":["tZ4ReWw8lCN2x7lofUv3C6dqWH6iSH/i11YX7TMQ5jk=","3nCWhpueUFCeWduPaAaHIbx+gr8PorpnNeF0WBj+zIk=","AqugiJ1m1SQmGNLvZbpRZIHbL9z5p7VhEK7UC4s7ZZU=","sb08tG9DMsNqVy3eOd2ib2hsodvpCoUv0r4as5suLtI=","2+NvT+M34sDgWPMgxomx5GN1VcQgWyNlBwfFDex9LcA=","XS/N5mwnDp03UryRNjDEs1sjZjMxjPZAvaoJ64oemLA="],"block_size":4096,"path":"global/fonts/glyphicons-halflings-regular.woff"},{"block_hashes":["x8H3vJO6KKS4+GI97KSNjgGFZClwivRQxhVB7hJ7mhk=","cjmKtvlezysLIrcpUjE1/eezGj3QOxsKL94t5eAMPWg=","okvqaADJ1XLyLubudIo4/jmMtmadT6ss2+qdKKQwdzA=","Grvfrctd0d2maQtDOhpGdNTeLMbSu/bbhsuJ/7Z6eGc=","tK+KazDXXmTkYt0j95d1yTYiDsPJH0dZrBuXp8R9XMc="],"block_size":4096,"path":"global/fonts/glyphicons-halflings-regular.woff2"},{"block_hashes":["6P9Owie9RBAzpOSjp39Vs1nZhwHLusOy9HSP4wNWBEg=","53luxu3LxhWd1xCflDEkd5KFJSM0gT5Km3jt5PtCBZg=","2H/+3llaUMoCFnA6/YLqcCGDVs2GRlDutam0XOj2wiE=","L5QHaQEa6WRoVjmwsywUGlMSGeeKCNsuFyplBmpdPU4=","QQOGOHIaXMZr9F0IfZ6xBegMXL7pQvPJgoSQ08lNl1U=","RYSXZpReGzsjYFz0TZgHXM1idzVvQ+6w8dwSwNCt9AQ=","0LQJ20Biiml8EY61xMrxS5MR9RvJqoljRVPdk1hswB0=","1CR1sgeuWPfqZ66cI+kXcmGdDM7dnhX+ncNnkDYQ/fU=","+gO9mDIIeZimvQ9G0dP8mp6U4ynCDuYjlZKLPfvUIKg=","uaCrh0LG3K2ANDHbqnH5/+EcDx/LOv+1/bpagpF9F6M=","iU9++8b2h9NGn6Ktg0d7FihwpaKH6JRevT8elshbGCI=","6pNP4TLbReoPSDiOcVMZw1qfmpMBliyCtnL0Dkzbv1c=","b19/x46JumfKTH4ySnT9vFtL8fGUocb6clxUxiLOH90=","6hawUnezKwUVqqCLYRIc7QzYDpgSzDGyt28si7/RDZ0=","m0YcYS18Aci49xDBTkDvPA5JmIVugwt3Jrh2I7ZKFnI=","hgJo2tyZXE3kS4plWeYJNGnxpqJeo5FGbIO4q4jmdSE=","yX5tHQmknCyOwu40QZ6cdz+1twZ+gnDhIA1kECziLMI="],"block_size":4096,"path":"global/js/bootstrap.js"},{"block_hashes":["VeirAoKEPq1jiAqDMtgufRCivfAvz6eb9nScp9Fo++c=","2yIADwPF+NQd7ETtcWlIBCOluNJH9rPsJvN/M3HZz+4=","R50Ce6jhX2BxXxseVrqtAZMA0gZs+Jp8r3YLNrdqaSI=","YEeiNnCrG7Qlw5FddcmZWkJMu/aFdc/WN/RY0j/xPzk=","APYoB4XBVQi+VdLRcPLKp9jrE4aXFM43A+ZaP+9L7Ck=","guMv9IuqqstUGJlH/cvit8a4kyztnRA2zDHA+/YPqgk=","bKwlVIoCrgX20gNPaMESLyUdSxQbJ+qWws0pRAJohSo=","YyZisahsy0GdbB3zYuuZ9XP1YenFA5OVjItBF8UrfZM=","I9gFowAfrARE9UOGs44XPolWUU0NaIQsub5APgWwmTk=","p7VHvPxo+BBfuVL6BW5EML8ueE24hyGTbq/b6jHf5EY="],"block_size":4096,"path":"global/js/global_func.js"},{"block_hashes":["4XyZSeJvlc0kMGfbI1i3nyCSkOu0Ow2BAb+7ipP80kg="],"block_size":4096,"path":"global/js/global_var.js"},{"block_hashes":["Vzm90+eEmA87Q+ImTPM8mBImKlC/c3e5lkRNk2ZuQZ0=","QFd+BfqIEBob23qdLOq2gqGDvzXBuXFGnEDxBhrF5KM=","Ld8Yzhk3JQxP9vQnDx1C7xWF5PWn6bG1uz3T3/+tH9s=","qQPYCVkTn3+PCoqrSGNsWIGLcHetCih+T9TZhEvxrM0=","Qyo9VyWKSL8R9l8VXjn1Kr1vpv5GFkfEnOnH6EFmksk=","lQnl4raQu7JZoRMX99wBO0+ycpAlwZ6l2vFHbWaQLIw=","xFjvHXuG9DgzhJPKRiDkNqfmhiVyozqiMUgrtfGhu3g=","5w/wtIYPywSn2kiZ/REEjMcTPgTVlfyLFx8D5cRG8MQ=","6GfNEU5A7hFXVWnHfmmxKzRQKn0nSZwbyqilU5C56bo=","5n3sOuRL8gJN/ZebhQ/pkMCPeKpo67KYxb9cYE422O8=","3C3dqgOZaVPB/A+Xc+g5kfxEfnfP7RsLEwNtakQRdfc=","cWosDLj0QobIl0qtIaxgnpvZs2difEu2Oi5A8f1MD1g=","tmbw+6Bb2ZY4g1zMixv6KGATrIQ8L1JBLF1qTXuFFlw=","mNfe0NA7Gjy3x63X7HfrqtaRT2UCW3VBXWyBEyY7DrQ=","KwjK3yLvxw38HQbu/STo8ENTXg6eyNvs+h0fqSLa0V4=","vvwGss9Sl/ytsMJZki15mPPqty65HGbyc/FhZata/EA=","+ZKLSgZuLHSVoMPqIhpFtOR5RSUYyYsAPSBjgja+4lc=","kG/3vrwPpr1s0JgVEvdQ2gwEnoCDm2sEeFmz3GNxarw=","AJrqfchlBrw0qRpEDK3TfvU7J7B7mTbwZXyqHE3dn8A=","t4YdgXlvmHr/uMVJRUBgGC8/PcHjvCJYf0ExidwaaKA=","JA5eRbVzVse27JK0aCAdaFboAv3vum0jJVKgeFoYbl0=","1VWTQTudu5dgx1aZuVCE/4MzMRJpBBr/MT9OeZXnKrQ=","msJUKrc/KUkU25CvMEBBq4y5FtpOMNWywj4+ocut2zM=","JBt4BiVoGIZbcGuSrRhR3DDxXIjULVgpZvmhS+QzAeQ="],"block_size":4096,"path":"global/js/jquery.js"},{"block_hashes":["p9wPfJKnSyXn7Q3O9OVEVBIgzSIYqjvESBSWLIuObHo=","st1/iRQ/VQvn70XUVnV4KdvG9C0gRQF2S7D9JYNZCnI=","BEaQ556O+lEzSEoSbrNFzI1osh9ndnXuc6rZlMzTr3k="],"block_size":4096,"path":"global/js/toastr.js"},{"block_hashes":["m0WW7+MNjcOzhVK8ZUWxb4vsMUFdk4sFVGStKMyDkMU=","XStddwQzT82mpq5SVMOYyKmH2DbCj5hZxYItRAWhKAI=","5B5CaMIMwxwr9cUmDIkToiv0OrGni8nm9qoVH9nFB6Y=","tTvWwVeuVPngcUNZRXN2oaEQBfORzM8V9biNenO293c=","/9Jj1Luswk7SNNvaOo9cjKzSSlEQhJpTSrNa+lGAxSQ=","pO2bRYjb0YThgzp7o2ryMnGFvZxyuGHG0irHJoHRXNk=","tCKd1atV2YYJ91CkgdSRHoB6jFBpJ3+QnneKzVfVRoQ="],"block_size":4096,"path":"popup/css/emoji.css"},{"block_hashes":["VhFKkD8E0rpM2KzsA2buJNvYcF8iL3PcYbc2xyzk7r4="],"block_size":4096,"path":"popup/css/popup.css"},{"block_hashes":["mkd2MXq4WVrYKQihksU0gfAWD4lkt1IBus6eg9ku+eE=","k6X/Kjp5/Wvw9rkIOxug0cgJIEKWVWSfqznxvWh3lug=","JgtzukPZrG8E2YUe2eB4W7ucTErZEpk6gwnDgli8Hns=","yk8tSz65xVq9V18UNVltR/CwHW/SSE2PeOcGZln8DNM=","g1aonjDaKmp7+VV8N/qARVYQ6WZ7am64Cyx8GBic0M0=","5r5LQv2CGET81/PgBUVj5zCkTkbzf81uVJ2JOajndBU=","f6mMqMmIs+JLN1lDAkcQOg2GDp+5iFXBefU0crxH+RU=","VtvgC/nVJYNGs7sBXAHV5t1eKj/78wDwrLf3EobX6Ro=","spTp1suAFq5Ms8lT0QXlay3rTjJVn9DFkfz57aWjp+c="],"block_size":4096,"path":"popup/html/emoji.html"},{"block_hashes":["X0FpSAfp4WtafGQUQbUueiUw3EHkiZBV8YTxPIRBhxY=","z3Ad5YJ7/y9tz38ltmWKuRjKU1+6Q0yWEVZyE3LmY8g=","MTvz2SK18oXIx5O+/HtINgAEtiWJUpahTAGAGedbR/U=","Rw8ATcrxV6PYJqj+Q27TlWcimYfY/9HEMuJFenhuqxg=","7N/ew2GV7sCuMJIk1Nt9OezQAbGIvPJqOLulmJ6WArw=","FNALzcTlHRoaW5K9qP2oJM4td3EVmJ+Ee3QoclA4mJM=","4yypxgQHGJlA5f7st8uHNtPjSMr1NK2VCsFN3pzbUxg="],"block_size":4096,"path":"popup/html/popup.html"},{"block_hashes":["OSPTGqIiWjnVcz411CGHMYDcsLATHmBaemK4bDsHKsU="],"block_size":4096,"path":"popup/images/placeholder.svg"},{"block_hashes":["rtyoqMeutwbIjpcp4pWNjLV3SQeGrYxmShOUtoj40JE=","06JweUerj0UBHGDuCK3uo1BUYN+/6lIqfRPfoLllrtg=","Gwf7z3UrsuYbSqd0ri/ALcLOkObRT2y9/HqsJDRr4uQ=","ryhJ5nHWY6MkMzOcAZ+L668aqCU4lOq2XQyAia5Q+sE=","7h66yNTWVA/0HSrhQJtUIemk8vkWz66hmcFuOLUPJWs=","oKXNPxuHL17q8OCRbm8Mv6hPzMuAN4hDY3bkQPyNYgY=","cmI+/Wsa75cLiEglKr01/pAywGLW7tmTWz1Ia6keYWY=","mfZ51dtWD9cOCSw9Qzbg/HbXf6MML0Va8zYs8B6zRwM=","XquEai7fmfIUTqwLnm3TppDN96JFa5Gpwi7I6nnjEbU=","ED6K1Ry67MKIS+RE6VsrBP9IrOfYpGxaphOLBfmm3eo=","Er8N3/xyjh5MyfiZEbc6arEPkyuYnnv9asWwFC5mqeg=","mb+H0g3fdKGqKYYlW08dan5qWBWAX7jAka5RJkcMTsc=","KFGmmt/4i7JJq8v5u+3EV3a+gmnlbaN5xn4Ms0Buk1k=","5bbTWeSiGQzj0OrbgBPsiE6Wyj2HlJ9+mPa3Q5gyuK0=","qvn3IZZPR9gQ2C2hHQzWPWQD910bhRRzpW1blWnhpEE=","dXdWIvVLkgjCxSkUN0KM+rWMpZkYzVQZ3p5bXsjwO6E=","sv8Dzb/w9unqo4n64uC9oB1PXOQP4VvaIyb+2hIKw40=","7y0/X0BXmAApUqEM3uDisVjcRqFIRCR6AZoWTS6Dmuw=","1vVE7EOapCooCsHye2njMfwk2CX3zVVhVFxMQixgO7g=","qJhslknAVETMcDVNSVJafDZxTNqkWB5FNoBssZVSBmg=","jQzzn9dc+wyfHTMU2kpYO8dE18PZNbsjAJep9UJCd7U=","uYQ9LNMjakAwjPm6yb/rdOAjg0gSZ9NTEszQJ1D/T50=","3QIkaxIthx+AqrQdZL0TJ9coPYcbQmEDq9O96PiALJ4=","AKKmg5vLdWOQSP9cnY7eVuLcn504TEi6wxE+4px6jyo=","iOfySBESJA/c+3FcBdedJZX3v00Fa6nnrCt2ZjvlvtA=","5tR/Oykvs4Ag88dTnRj8NyGcAM5yBWxVQUeEAnaM3bk=","NKv+H9SOghZsL8KgbwRDLS6/Qbn7DN2pXV6J130HvNA=","/Km+tGI21ZlHF3ZwHYJ3gYBZq72mfoej3sk90OHH4mI=","jOCA7JO1YSUsSZCMuDOOyoiAAZ+1/jKSn3ZaMpj3m5U=","xLmQJCEftEBz+PfeVWSlpDpULdY6QJIk8jjVrnu+peM=","rWrDyctf6EVdjR1XFbjF85btckMH+J1YvJpQY0WlBC0=","/YkaGx7NCAOWwxKiedlyuLXxXXG0skOjrFwFr16Dozo=","+kikqqI9p0WoWb0o239zk+39tW0kAre/g1U7+eKH72M=","r4zxHliFbYezQPkQfLITYEF8VqZ2qvX2bwOrQ3G+QD0=","KJ2vkNAj7K030ag/vyUBLN0W18stFDKQFf4iz24SSRM=","MGeJkZa2aPyaTmvMBG/e0CpUMfCy4PYPjOtcK34IiSo="],"block_size":4096,"path":"popup/images/symbols.png"},{"block_hashes":["rtyoqMeutwbIjpcp4pWNjLV3SQeGrYxmShOUtoj40JE=","06JweUerj0UBHGDuCK3uo1BUYN+/6lIqfRPfoLllrtg=","Gwf7z3UrsuYbSqd0ri/ALcLOkObRT2y9/HqsJDRr4uQ=","ryhJ5nHWY6MkMzOcAZ+L668aqCU4lOq2XQyAia5Q+sE=","7h66yNTWVA/0HSrhQJtUIemk8vkWz66hmcFuOLUPJWs=","oKXNPxuHL17q8OCRbm8Mv6hPzMuAN4hDY3bkQPyNYgY=","cmI+/Wsa75cLiEglKr01/pAywGLW7tmTWz1Ia6keYWY=","mfZ51dtWD9cOCSw9Qzbg/HbXf6MML0Va8zYs8B6zRwM=","XquEai7fmfIUTqwLnm3TppDN96JFa5Gpwi7I6nnjEbU=","ED6K1Ry67MKIS+RE6VsrBP9IrOfYpGxaphOLBfmm3eo=","Er8N3/xyjh5MyfiZEbc6arEPkyuYnnv9asWwFC5mqeg=","mb+H0g3fdKGqKYYlW08dan5qWBWAX7jAka5RJkcMTsc=","KFGmmt/4i7JJq8v5u+3EV3a+gmnlbaN5xn4Ms0Buk1k=","5bbTWeSiGQzj0OrbgBPsiE6Wyj2HlJ9+mPa3Q5gyuK0=","qvn3IZZPR9gQ2C2hHQzWPWQD910bhRRzpW1blWnhpEE=","dXdWIvVLkgjCxSkUN0KM+rWMpZkYzVQZ3p5bXsjwO6E=","sv8Dzb/w9unqo4n64uC9oB1PXOQP4VvaIyb+2hIKw40=","7y0/X0BXmAApUqEM3uDisVjcRqFIRCR6AZoWTS6Dmuw=","1vVE7EOapCooCsHye2njMfwk2CX3zVVhVFxMQixgO7g=","qJhslknAVETMcDVNSVJafDZxTNqkWB5FNoBssZVSBmg=","jQzzn9dc+wyfHTMU2kpYO8dE18PZNbsjAJep9UJCd7U=","uYQ9LNMjakAwjPm6yb/rdOAjg0gSZ9NTEszQJ1D/T50=","3QIkaxIthx+AqrQdZL0TJ9coPYcbQmEDq9O96PiALJ4=","AKKmg5vLdWOQSP9cnY7eVuLcn504TEi6wxE+4px6jyo=","iOfySBESJA/c+3FcBdedJZX3v00Fa6nnrCt2ZjvlvtA=","5tR/Oykvs4Ag88dTnRj8NyGcAM5yBWxVQUeEAnaM3bk=","NKv+H9SOghZsL8KgbwRDLS6/Qbn7DN2pXV6J130HvNA=","/Km+tGI21ZlHF3ZwHYJ3gYBZq72mfoej3sk90OHH4mI=","jOCA7JO1YSUsSZCMuDOOyoiAAZ+1/jKSn3ZaMpj3m5U=","xLmQJCEftEBz+PfeVWSlpDpULdY6QJIk8jjVrnu+peM=","rWrDyctf6EVdjR1XFbjF85btckMH+J1YvJpQY0WlBC0=","/YkaGx7NCAOWwxKiedlyuLXxXXG0skOjrFwFr16Dozo=","+kikqqI9p0WoWb0o239zk+39tW0kAre/g1U7+eKH72M=","r4zxHliFbYezQPkQfLITYEF8VqZ2qvX2bwOrQ3G+QD0=","KJ2vkNAj7K030ag/vyUBLN0W18stFDKQFf4iz24SSRM=","MGeJkZa2aPyaTmvMBG/e0CpUMfCy4PYPjOtcK34IiSo="],"block_size":4096,"path":"popup/images/symbols2.png"},{"block_hashes":["K6J03KlIsAzANIl8FSzVJxLpisU8PLkAXkQS6kfd6Zs=","Xfns3VCPizCHDLIsdVWfgQbr5ufdK31XRWu/7dhg40U=","6sLAIilHFOVjMZLOpJKb2fZjNcPQfRFDlJtAPS62A/w=","Sx2yB2+3TPb7+JcDmbBof1jI70CsCcZgUFI45QZA7Xg=","VJ0hXYYNSGjLoo41/DMNmHDWBgGuVK6aB4p49NaKZZU=","RBhi+Sl0so9NV2oApZDSk/Hy9fvdMIGe7NVBkeQQ1Iw=","2wyqaG1A4EsvwWIDtLzIrWAvXFsT0vfzvY9q9hwOUFg=","6Ab/O/Iz10/1WMQNRHCYnMA+gupjBg24bptX1JJF27o=","vtX48j5TA7X42Fc0j+KJobrBZ7VF567APxKi9CY8fxA=","nnuBUUOh1DU7HvQhRFDdpKt/2SyM+iANwfkf3DtGiCM=","AB930zsrPdKtxCVGstNXGDEV3XrmMBrB6GX6aEYnEg4=","NUUjpRGMeCCbnPyAFPBoc7rRsZ1FGkYpUfdRy8dCoDY=","akOyBIHErBee8iVgHvLW24Dx3MWZLWjBxXYGuPlg0Yg=","/8GDb53sG0+WJrGPwnc1352OUcZA1FkxBcYL7ivD8yM=","NnLOcl2OK6CLyzBUyE7wv4rT9VbXxU0h3X2BdKC2x28=","Fj37/YMd3uT8yoalSj7zCvrGUzJMdrsRPK5SyEDufTM=","J4s9NlUyLDk99GU4d5APAUHIwws6RrrJlZHvk2Xp9lI=","CBiFUnMw8Vf9stxndzSc8MPPQb6vlXD2uX7kwRGMmCw=","Bwgp4jbdy3UIuvOSBn/aYG2BbnwFcwXlkuouSkjppfU=","3rwU1VemNrq80OLTkhvCUfpTPAL48ZcmKZTKrGSktMY=","r4BiW9dtDYv4vIdtE+iULt6QdWrL92clkSzExvNqh00=","6AzJKLGl6NUXbxOIlb52ph3WlGy55fTxoIC5JnzBZF4=","HLHtX3O0ZFkCCmyjCowq4Q7Qwx/hELolySJjXIKcl+U=","lfHMMKMkQM0J2u/5bXYeYSZshuSky164sSURHRkiE/w=","eYMrRhrg7XEqlmXN4rR5uVX2w0W0D1FkD1K8yvOP+oA=","Qfjod0kbMAZt6lzkHPK1SUJjZTrU2ll6I4pECgFwGFc=","13Egtkak53O9yYFX5LYJzsdi+JqKsIRXUrVTYA0lDqo=","AdstbdpCBiDkWfDTtDDmxaeIh7YXwkUvAQLxl8cKycg=","WNoEkHILbDKIVMsuArlXy+prvRtpz7lAhRtmSPrEhfs=","KFv6rDBxuEhVRLVDfwOWj/ofAAFcmjNjcaRtmWS6ivw=","l6eYyhq5Mr1ACEfP/ZsaW9pjfnmwqkA9AOHTJXFwlZU=","cEFMEynFXnBO9TJFhLV459pJOJsRav7IZimHTXRaxlY=","xT8BXpOBhvjylsPdBoUMU1CLzO69Yb4v5WIeCtDvFQY=","8ffGm84GkWF4LA37ph1Gkc0HXiLebQ7aq4gVlmT8Hfg=","A9InTVrz0lz3zh2Q/WJSBKEZ54DuClLwrrSMGH1LTWk=","DIUuzKcAGRIXwiovJBk/7WytN14N5y/o3phzSc3W4PY=","5WDfTO1ghDDGEhvx3YOpZmst9z2xb9yu5DIKKzKAbnk=","4bWR6oZrMWAqtFG7CTncaNCvArttMygTvwcGTZcDn2k=","6usCQ6nEyz8LLGaC7F+ePeROZUz0l57mkniqegpMTw4=","Ljp5PydKQawkb2uN5Uyu/L2XTtfGRsdTzXJXNIklAA4=","Ej4bDGIslH7P7PPnskTjaF2lOYqSoGpgTH5hjwiyHjU=","Y1yUMft/2nJDBx9RWASD/SaEfMs8wRC5iAMSHqzM0/4=","INhqknrLXaQVrvP4a4VbRZB+NZjcpCi+8BFV8TS/+E4=","qye6sDyK7XfIXwaFCIp5cGfbNUWIrGJowz9RhymZg24=","StTEJJPURTiYrcchTisPxs14W+esSSc+kv8+9EGV+Io=","LqNVejxDGj0y0E7BxezaFWgOAZ8ZC29eYqfh1LbknZs=","Xvwsl9baH6m+yUZiZUj6dSxKjoNT6sr9tVfsPlO0jJk=","Hd81rOJNkQa2UCiYmAJD/55PNT05SOLSSRcaMh5dk6w=","PQkR0AQNStmtPNgEVcN+Nko5iA0F7fnkp7tPfChI4P4=","8Ujd0abnfzNdo7IeclCz9tvai4+ieNZRGLVAUV/ycYk=","ufivFt7dZjJqL7uUN5Dsb9PhUXieZ06mA/x4++7e7gI=","Y2ZTcSHh6dO3jGvBN3k51WynyIZFYpKeNdD8WO9DNBU=","AC5EfIWMTOlm3mBrmnCOFRLZTvXAj7N5SL53w0JuDjY=","MUrtZYkRuVbmgHFI+chtiOplPvxRCFqlo3tIFUWkaio=","EsOlh/wPHGkQiGVZxs2r79CHM9Kkfcxujun4rCChZQo=","kTmZxaPG+jAwUXkUBiSCatqanaI62LwJAbRlMizvrkw=","ssLskdq3aipjSk1r6/c/Y0bghcjI/eeNmUzrYXyFOf4=","24nhH3p7ccDVXWb41iBNLKmPkYr04VBd3d/Y4FEeKlA=","/HbmTzGpoInWHQ7tROEo9qqYdz9sB+MW8uu2G4KCECE=","Ugc230y/VLfebmSqcfPB4vDamnPBg/VNFOREKXPSj/0=","sICyMwW+gWsGjkdyw/zcciMRruM2xp7JL97d2E91Ha8=","1UugnTqhMmQE6ntUolelXUS6TY6QWVCrtIAuE/IIhO4=","Xb4g+bcDEFc4lNC+drBz08DoTx2xF1ITU++/R+UL4ww=","huQEqcABAxad5LhQBqzaofbEIbj3sONRop/PRCSrT2A=","X84lCtsDrGVl2/Okdw7Ndw+3jZrklrByTUzfCqve+Sw=","VYME0ygFljSC9/Uh+bg3t9pgyBFv/6vDHrsRS94SxFE=","YAw6bkQicCeYfiwS1vvFssYqDXfCgTwUahynOObKfFg=","3qNCNJRgbqU70eMDXLrq7K5D08eVS+fihrvSRBCUxR4=","oKB3KDPV7rNzi3Dmgl4HBECfY9MShRq+xupqRhTRzHI=","5B0k5ofwqFjbjEJ3ZHNFXqsSwW3LBGUYmR1X4TXGITg=","1V/oPbTl9NFCLmDUoE9tYAgOIDYNp4ohS6uQ2qNgiXw=","P1poFAM5qpo73YuOsF1Rfh9zZgEO9gGHt7MBG7P7xL0=","QPdm1ZKKY8Gspps0VmfUee8iAslHaf8lA3RygfrQLrM=","uwFTczr8HW5g4EKR9TIPAu65Lpcx1ExYJTVn5VeED7M=","qrUYFH+bFCuZKU6WLbfzFVgHekSUaaGA0bdgQ1e+n+U=","EIM0KWofKv/cXt99huT6fPO3pc0fsaRwlYKIIn7+sVQ=","sIliIUW2f9cV6N0Pj6TwEucT1O2sIItKfpJAlWawhNg=","HgI1OVfKUSixCrjmlx35Qv7tZYEcTDBR8EKYBCoohck=","g03ESWztG+29/Brr75fUjdnniOpC3y8+R4L7g81mo18=","CNGFPcHJOksXJvRgxwfZt/5jkzMYw8KewWuy/XnklOA=","T2z7wlWLMlVz0KPzvZ0FN5jyFgA4ESldbZeZlhh/rrE=","KwQEh2HX5Y0LNhKIKvrpK/qcFNjEn6BJSdlv7GljUI4=","ozT70ZWFtoT+hW/5GuKjPAu6eGLBz7kC/c9mZOE61kA=","hJ1RKS30rG3bnv6YrSJtlkAIZVS8HTjwEddz+q1WMTw=","P5hSRZVs4E8hzeaMAvrmn2fcoeqz/Phr2kIVu2H7yks=","w2h26eoW62/T0T7wqcCEmY4OGJU8K4XUWSTWOLTj4Ks=","SNQNO2a0n/HFbX3yYmrqHBEfY2vpqbru5vJiK2kjVjk=","VoMxZ0pZZvsieUKt+t1KDdesi6DjKJZVdUtiVEIJYxI=","p3BeqmiOK4a6kw8HHTOA3Y9wJhe0y9DUrhVpP/f7qxE=","ipGATKwlMgMLARLXPLD6H3heBn+1tR2Jqzu7AITi9RU=","5VOcVVGePSkAjK/rmUa8yT/mwRqBdSGeKQlcXcxmjfY=","gTV/DX+RGT5bDrBB9VmE0LUf9sUZqSxOvLgRdGGTm58=","ZkfTLlYForv6HZ/9HHiBANW2I8zBl0qVSBuYse79iSY=","jMUi9BFM102bBjbRcMQ3q3kAUvRiqh8iF2BNO1T18ns=","7V1Xjt4WJlRoiJ2EyB2+r/DGNfIIHm23UrokrczuJbY=","P9Jl218/n2H5hdRwlZzQUBTjF67LhUGUr27NTg14O0A=","OYq7KcN3KsN9t5KQqtUhi/rjmuYWsWceuLd/WpRUNmM=","pCiuZ7YXzPtnE/9/KozdR2yBQbcxsNvA++C1hkvk1x8=","mstYDdH0vnyoNnfs2kjOJWIqQGpOo/7uLvtRL+pk67s=","mcmG3L5ijZycZB9y7KuXmM/bNE12D+XXrF8spEFX5fg=","N3luRNnHCH8vuLhZgYMVET85+bnuslA4ppLUMIFV3zo=","zuNERh6FjxmGoYKIZWSJLmZlTp0n6zRcW9Q3oAnJVZQ=","QHVDEYdiEjqVl3yuv1KATWcSB6c1a9jZGr7sgO2tR4A=","YdjwWAL7ycL6IRvq6/MmrTHxPwwe6tubT39m3yU/76s=","l4yMOD2NBbk6mgLtOG3stlaHdcJJ/qmtAi/Fka8zLCU=","WzEgP16f+MHLHKVJw15awFXRMW3rEP5yrOs2AQOq9go=","qjuSVQQ4yrAAbbSmUFHwHLBZZy3lEgMWMeNPOFT5rUA=","uiLOEGisBL2XQy+3Y9ih1cSN3/F5PaFYWE+0TQ4LHHE=","1641NGb+K1aABqXPQjeXZGBvGU5s4gBUtahVV6XXt14="],"block_size":4096,"path":"popup/images/thumb.png"},{"block_hashes":["ZOmIPnd7yfOVKChJSNX7SjD3wx2NKBc9EX/7Bm9l27o="],"block_size":4096,"path":"popup/js/emoji.js"},{"block_hashes":["pUbRYq7bkmcUxll9IpXsu4SzJzOAjjXUPUEgGvCnWT4=","FdVU6cYyJEKuPHtAui615cS3xozaiELpPo39PCmE0Bo=","SvAu7U590zCBmrGFWQUCEs2+OYmZOyMK1gYmuwcNn/k="],"block_size":4096,"path":"popup/js/popup.js"},{"block_hashes":["9nxaPQ6FXKNILcHQrn1+GP2zkrF6ZRrSqQQjoT6FUiA="],"block_size":4096,"path":"popup/js/validate.js"}],"version":2}